"filename", "language", "Markdown", "JSON", "JavaScript", "XML", "SCSS", "PostCSS", "TypeScript", "HTML", "comment", "blank", "total"
"c:\Users\李子林\Desktop\aigc\项目\emocloud1\index.html", "HTML", 0, 0, 0, 0, 0, 0, 0, 18, 2, 1, 21
"c:\Users\李子林\Desktop\aigc\项目\emocloud1\main.js", "JavaScript", 0, 0, 20, 0, 0, 0, 0, 0, 6, 6, 32
"c:\Users\李子林\Desktop\aigc\项目\emocloud1\manifest.json", "JSON", 0, 60, 0, 0, 0, 0, 0, 0, 8, 1, 69
"c:\Users\李子林\Desktop\aigc\项目\emocloud1\pages.json", "JSON", 0, 168, 0, 0, 0, 0, 0, 0, 0, 1, 169
"c:\Users\李子林\Desktop\aigc\项目\emocloud1\pages\auth\login\index.scss", "SCSS", 0, 0, 0, 0, 201, 0, 0, 0, 35, 18, 254
"c:\Users\李子林\Desktop\aigc\项目\emocloud1\pages\auth\register\index.scss", "SCSS", 0, 0, 0, 0, 100, 0, 0, 0, 0, 15, 115
"c:\Users\李子林\Desktop\aigc\项目\emocloud1\pages\home\index.scss", "SCSS", 0, 0, 0, 0, 101, 0, 0, 0, 1, 16, 118
"c:\Users\李子林\Desktop\aigc\项目\emocloud1\pages\settings\index.scss", "SCSS", 0, 0, 0, 0, 100, 0, 0, 0, 0, 19, 119
"c:\Users\李子林\Desktop\aigc\项目\emocloud1\static\customicons.css", "PostCSS", 0, 0, 0, 0, 0, 16, 0, 0, 0, 5, 21
"c:\Users\李子林\Desktop\aigc\项目\emocloud1\uni-config.json", "JSON", 0, 13, 0, 0, 0, 0, 0, 0, 0, 0, 13
"c:\Users\李子林\Desktop\aigc\项目\emocloud1\uni.scss", "SCSS", 0, 0, 0, 0, 1, 0, 0, 0, 0, 0, 1
"c:\Users\李子林\Desktop\aigc\项目\emocloud1\uni_modules\uni-badge\changelog.md", "Markdown", 33, 0, 0, 0, 0, 0, 0, 0, 0, 1, 34
"c:\Users\李子林\Desktop\aigc\项目\emocloud1\uni_modules\uni-badge\package.json", "JSON", 0, 85, 0, 0, 0, 0, 0, 0, 0, 0, 85
"c:\Users\李子林\Desktop\aigc\项目\emocloud1\uni_modules\uni-badge\readme.md", "Markdown", 6, 0, 0, 0, 0, 0, 0, 0, 0, 5, 11
"c:\Users\李子林\Desktop\aigc\项目\emocloud1\uni_modules\uni-breadcrumb\changelog.md", "Markdown", 6, 0, 0, 0, 0, 0, 0, 0, 0, 1, 7
"c:\Users\李子林\Desktop\aigc\项目\emocloud1\uni_modules\uni-breadcrumb\package.json", "JSON", 0, 88, 0, 0, 0, 0, 0, 0, 0, 1, 89
"c:\Users\李子林\Desktop\aigc\项目\emocloud1\uni_modules\uni-breadcrumb\readme.md", "Markdown", 46, 0, 0, 0, 0, 0, 0, 0, 0, 20, 66
"c:\Users\李子林\Desktop\aigc\项目\emocloud1\uni_modules\uni-calendar\changelog.md", "Markdown", 28, 0, 0, 0, 0, 0, 0, 0, 0, 1, 29
"c:\Users\李子林\Desktop\aigc\项目\emocloud1\uni_modules\uni-calendar\components\uni-calendar\calendar.js", "JavaScript", 0, 0, 324, 0, 0, 0, 0, 0, 184, 39, 547
"c:\Users\李子林\Desktop\aigc\项目\emocloud1\uni_modules\uni-calendar\components\uni-calendar\i18n\en.json", "JSON", 0, 12, 0, 0, 0, 0, 0, 0, 0, 1, 13
"c:\Users\李子林\Desktop\aigc\项目\emocloud1\uni_modules\uni-calendar\components\uni-calendar\i18n\index.js", "JavaScript", 0, 0, 8, 0, 0, 0, 0, 0, 0, 1, 9
"c:\Users\李子林\Desktop\aigc\项目\emocloud1\uni_modules\uni-calendar\components\uni-calendar\i18n\zh-Hans.json", "JSON", 0, 12, 0, 0, 0, 0, 0, 0, 0, 1, 13
"c:\Users\李子林\Desktop\aigc\项目\emocloud1\uni_modules\uni-calendar\components\uni-calendar\i18n\zh-Hant.json", "JSON", 0, 12, 0, 0, 0, 0, 0, 0, 0, 1, 13
"c:\Users\李子林\Desktop\aigc\项目\emocloud1\uni_modules\uni-calendar\components\uni-calendar\util.js", "JavaScript", 0, 0, 255, 0, 0, 0, 0, 0, 83, 23, 361
"c:\Users\李子林\Desktop\aigc\项目\emocloud1\uni_modules\uni-calendar\package.json", "JSON", 0, 85, 0, 0, 0, 0, 0, 0, 0, 0, 85
"c:\Users\李子林\Desktop\aigc\项目\emocloud1\uni_modules\uni-calendar\readme.md", "Markdown", 73, 0, 0, 0, 0, 0, 0, 0, 0, 31, 104
"c:\Users\李子林\Desktop\aigc\项目\emocloud1\uni_modules\uni-card\changelog.md", "Markdown", 26, 0, 0, 0, 0, 0, 0, 0, 0, 1, 27
"c:\Users\李子林\Desktop\aigc\项目\emocloud1\uni_modules\uni-card\package.json", "JSON", 0, 90, 0, 0, 0, 0, 0, 0, 0, 1, 91
"c:\Users\李子林\Desktop\aigc\项目\emocloud1\uni_modules\uni-card\readme.md", "Markdown", 6, 0, 0, 0, 0, 0, 0, 0, 0, 7, 13
"c:\Users\李子林\Desktop\aigc\项目\emocloud1\uni_modules\uni-collapse\changelog.md", "Markdown", 38, 0, 0, 0, 0, 0, 0, 0, 0, 0, 38
"c:\Users\李子林\Desktop\aigc\项目\emocloud1\uni_modules\uni-collapse\package.json", "JSON", 0, 86, 0, 0, 0, 0, 0, 0, 0, 1, 87
"c:\Users\李子林\Desktop\aigc\项目\emocloud1\uni_modules\uni-collapse\readme.md", "Markdown", 7, 0, 0, 0, 0, 0, 0, 0, 0, 5, 12
"c:\Users\李子林\Desktop\aigc\项目\emocloud1\uni_modules\uni-combox\changelog.md", "Markdown", 15, 0, 0, 0, 0, 0, 0, 0, 0, 1, 16
"c:\Users\李子林\Desktop\aigc\项目\emocloud1\uni_modules\uni-combox\package.json", "JSON", 0, 90, 0, 0, 0, 0, 0, 0, 0, 0, 90
"c:\Users\李子林\Desktop\aigc\项目\emocloud1\uni_modules\uni-combox\readme.md", "Markdown", 6, 0, 0, 0, 0, 0, 0, 0, 0, 5, 11
"c:\Users\李子林\Desktop\aigc\项目\emocloud1\uni_modules\uni-countdown\changelog.md", "Markdown", 26, 0, 0, 0, 0, 0, 0, 0, 0, 1, 27
"c:\Users\李子林\Desktop\aigc\项目\emocloud1\uni_modules\uni-countdown\components\uni-countdown\i18n\en.json", "JSON", 0, 6, 0, 0, 0, 0, 0, 0, 0, 1, 7
"c:\Users\李子林\Desktop\aigc\项目\emocloud1\uni_modules\uni-countdown\components\uni-countdown\i18n\index.js", "JavaScript", 0, 0, 8, 0, 0, 0, 0, 0, 0, 1, 9
"c:\Users\李子林\Desktop\aigc\项目\emocloud1\uni_modules\uni-countdown\components\uni-countdown\i18n\zh-Hans.json", "JSON", 0, 6, 0, 0, 0, 0, 0, 0, 0, 1, 7
"c:\Users\李子林\Desktop\aigc\项目\emocloud1\uni_modules\uni-countdown\components\uni-countdown\i18n\zh-Hant.json", "JSON", 0, 6, 0, 0, 0, 0, 0, 0, 0, 1, 7
"c:\Users\李子林\Desktop\aigc\项目\emocloud1\uni_modules\uni-countdown\package.json", "JSON", 0, 83, 0, 0, 0, 0, 0, 0, 0, 0, 83
"c:\Users\李子林\Desktop\aigc\项目\emocloud1\uni_modules\uni-countdown\readme.md", "Markdown", 6, 0, 0, 0, 0, 0, 0, 0, 0, 4, 10
"c:\Users\李子林\Desktop\aigc\项目\emocloud1\uni_modules\uni-data-checkbox\changelog.md", "Markdown", 49, 0, 0, 0, 0, 0, 0, 0, 0, 1, 50
"c:\Users\李子林\Desktop\aigc\项目\emocloud1\uni_modules\uni-data-checkbox\package.json", "JSON", 0, 84, 0, 0, 0, 0, 0, 0, 0, 1, 85
"c:\Users\李子林\Desktop\aigc\项目\emocloud1\uni_modules\uni-data-checkbox\readme.md", "Markdown", 11, 0, 0, 0, 0, 0, 0, 0, 0, 7, 18
"c:\Users\李子林\Desktop\aigc\项目\emocloud1\uni_modules\uni-data-picker\changelog.md", "Markdown", 77, 0, 0, 0, 0, 0, 0, 0, 0, 1, 78
"c:\Users\李子林\Desktop\aigc\项目\emocloud1\uni_modules\uni-data-picker\components\uni-data-picker\keypress.js", "JavaScript", 0, 0, 42, 0, 0, 0, 0, 0, 3, 1, 46
"c:\Users\李子林\Desktop\aigc\项目\emocloud1\uni_modules\uni-data-picker\components\uni-data-pickerview\uni-data-picker.js", "JavaScript", 0, 0, 540, 0, 0, 0, 0, 0, 10, 73, 623
"c:\Users\李子林\Desktop\aigc\项目\emocloud1\uni_modules\uni-data-picker\components\uni-data-pickerview\uni-data-pickerview.css", "PostCSS", 0, 0, 0, 0, 0, 64, 0, 0, 0, 13, 77
"c:\Users\李子林\Desktop\aigc\项目\emocloud1\uni_modules\uni-data-picker\package.json", "JSON", 0, 91, 0, 0, 0, 0, 0, 0, 0, 1, 92
"c:\Users\李子林\Desktop\aigc\项目\emocloud1\uni_modules\uni-data-picker\readme.md", "Markdown", 13, 0, 0, 0, 0, 0, 0, 0, 0, 9, 22
"c:\Users\李子林\Desktop\aigc\项目\emocloud1\uni_modules\uni-data-select\changelog.md", "Markdown", 39, 0, 0, 0, 0, 0, 0, 0, 0, 1, 40
"c:\Users\李子林\Desktop\aigc\项目\emocloud1\uni_modules\uni-data-select\package.json", "JSON", 0, 86, 0, 0, 0, 0, 0, 0, 0, 1, 87
"c:\Users\李子林\Desktop\aigc\项目\emocloud1\uni_modules\uni-data-select\readme.md", "Markdown", 6, 0, 0, 0, 0, 0, 0, 0, 0, 3, 9
"c:\Users\李子林\Desktop\aigc\项目\emocloud1\uni_modules\uni-dateformat\changelog.md", "Markdown", 10, 0, 0, 0, 0, 0, 0, 0, 0, 1, 11
"c:\Users\李子林\Desktop\aigc\项目\emocloud1\uni_modules\uni-dateformat\components\uni-dateformat\date-format.js", "JavaScript", 0, 0, 191, 0, 0, 0, 0, 0, 3, 7, 201
"c:\Users\李子林\Desktop\aigc\项目\emocloud1\uni_modules\uni-dateformat\package.json", "JSON", 0, 88, 0, 0, 0, 0, 0, 0, 0, 0, 88
"c:\Users\李子林\Desktop\aigc\项目\emocloud1\uni_modules\uni-dateformat\readme.md", "Markdown", 6, 0, 0, 0, 0, 0, 0, 0, 0, 5, 11
"c:\Users\李子林\Desktop\aigc\项目\emocloud1\uni_modules\uni-datetime-picker\changelog.md", "Markdown", 160, 0, 0, 0, 0, 0, 0, 0, 0, 1, 161
"c:\Users\李子林\Desktop\aigc\项目\emocloud1\uni_modules\uni-datetime-picker\components\uni-datetime-picker\i18n\en.json", "JSON", 0, 22, 0, 0, 0, 0, 0, 0, 0, 1, 23
"c:\Users\李子林\Desktop\aigc\项目\emocloud1\uni_modules\uni-datetime-picker\components\uni-datetime-picker\i18n\index.js", "JavaScript", 0, 0, 8, 0, 0, 0, 0, 0, 0, 1, 9
"c:\Users\李子林\Desktop\aigc\项目\emocloud1\uni_modules\uni-datetime-picker\components\uni-datetime-picker\i18n\zh-Hans.json", "JSON", 0, 22, 0, 0, 0, 0, 0, 0, 0, 0, 22
"c:\Users\李子林\Desktop\aigc\项目\emocloud1\uni_modules\uni-datetime-picker\components\uni-datetime-picker\i18n\zh-Hant.json", "JSON", 0, 22, 0, 0, 0, 0, 0, 0, 0, 0, 22
"c:\Users\李子林\Desktop\aigc\项目\emocloud1\uni_modules\uni-datetime-picker\components\uni-datetime-picker\util.js", "JavaScript", 0, 0, 319, 0, 0, 0, 0, 0, 60, 43, 422
"c:\Users\李子林\Desktop\aigc\项目\emocloud1\uni_modules\uni-datetime-picker\package.json", "JSON", 0, 88, 0, 0, 0, 0, 0, 0, 0, 1, 89
"c:\Users\李子林\Desktop\aigc\项目\emocloud1\uni_modules\uni-datetime-picker\readme.md", "Markdown", 11, 0, 0, 0, 0, 0, 0, 0, 0, 10, 21
"c:\Users\李子林\Desktop\aigc\项目\emocloud1\uni_modules\uni-drawer\changelog.md", "Markdown", 13, 0, 0, 0, 0, 0, 0, 0, 0, 1, 14
"c:\Users\李子林\Desktop\aigc\项目\emocloud1\uni_modules\uni-drawer\components\uni-drawer\keypress.js", "JavaScript", 0, 0, 39, 0, 0, 0, 0, 0, 6, 1, 46
"c:\Users\李子林\Desktop\aigc\项目\emocloud1\uni_modules\uni-drawer\package.json", "JSON", 0, 87, 0, 0, 0, 0, 0, 0, 0, 0, 87
"c:\Users\李子林\Desktop\aigc\项目\emocloud1\uni_modules\uni-drawer\readme.md", "Markdown", 6, 0, 0, 0, 0, 0, 0, 0, 0, 4, 10
"c:\Users\李子林\Desktop\aigc\项目\emocloud1\uni_modules\uni-easyinput\changelog.md", "Markdown", 74, 0, 0, 0, 0, 0, 0, 0, 0, 40, 114
"c:\Users\李子林\Desktop\aigc\项目\emocloud1\uni_modules\uni-easyinput\components\uni-easyinput\common.js", "JavaScript", 0, 0, 41, 0, 0, 0, 0, 0, 12, 2, 55
"c:\Users\李子林\Desktop\aigc\项目\emocloud1\uni_modules\uni-easyinput\package.json", "JSON", 0, 88, 0, 0, 0, 0, 0, 0, 0, 0, 88
"c:\Users\李子林\Desktop\aigc\项目\emocloud1\uni_modules\uni-easyinput\readme.md", "Markdown", 6, 0, 0, 0, 0, 0, 0, 0, 0, 5, 11
"c:\Users\李子林\Desktop\aigc\项目\emocloud1\uni_modules\uni-fab\changelog.md", "Markdown", 23, 0, 0, 0, 0, 0, 0, 0, 0, 1, 24
"c:\Users\李子林\Desktop\aigc\项目\emocloud1\uni_modules\uni-fab\package.json", "JSON", 0, 84, 0, 0, 0, 0, 0, 0, 0, 1, 85
"c:\Users\李子林\Desktop\aigc\项目\emocloud1\uni_modules\uni-fab\readme.md", "Markdown", 6, 0, 0, 0, 0, 0, 0, 0, 0, 3, 9
"c:\Users\李子林\Desktop\aigc\项目\emocloud1\uni_modules\uni-fav\changelog.md", "Markdown", 19, 0, 0, 0, 0, 0, 0, 0, 0, 1, 20
"c:\Users\李子林\Desktop\aigc\项目\emocloud1\uni_modules\uni-fav\components\uni-fav\i18n\en.json", "JSON", 0, 4, 0, 0, 0, 0, 0, 0, 0, 1, 5
"c:\Users\李子林\Desktop\aigc\项目\emocloud1\uni_modules\uni-fav\components\uni-fav\i18n\index.js", "JavaScript", 0, 0, 8, 0, 0, 0, 0, 0, 0, 1, 9
"c:\Users\李子林\Desktop\aigc\项目\emocloud1\uni_modules\uni-fav\components\uni-fav\i18n\zh-Hans.json", "JSON", 0, 4, 0, 0, 0, 0, 0, 0, 0, 1, 5
"c:\Users\李子林\Desktop\aigc\项目\emocloud1\uni_modules\uni-fav\components\uni-fav\i18n\zh-Hant.json", "JSON", 0, 4, 0, 0, 0, 0, 0, 0, 0, 1, 5
"c:\Users\李子林\Desktop\aigc\项目\emocloud1\uni_modules\uni-fav\package.json", "JSON", 0, 89, 0, 0, 0, 0, 0, 0, 0, 1, 90
"c:\Users\李子林\Desktop\aigc\项目\emocloud1\uni_modules\uni-fav\readme.md", "Markdown", 6, 0, 0, 0, 0, 0, 0, 0, 0, 4, 10
"c:\Users\李子林\Desktop\aigc\项目\emocloud1\uni_modules\uni-file-picker\changelog.md", "Markdown", 75, 0, 0, 0, 0, 0, 0, 0, 0, 1, 76
"c:\Users\李子林\Desktop\aigc\项目\emocloud1\uni_modules\uni-file-picker\components\uni-file-picker\choose-and-upload-file.js", "JavaScript", 0, 0, 261, 0, 0, 0, 0, 0, 10, 17, 288
"c:\Users\李子林\Desktop\aigc\项目\emocloud1\uni_modules\uni-file-picker\components\uni-file-picker\utils.js", "JavaScript", 0, 0, 86, 0, 0, 0, 0, 0, 19, 6, 111
"c:\Users\李子林\Desktop\aigc\项目\emocloud1\uni_modules\uni-file-picker\package.json", "JSON", 0, 83, 0, 0, 0, 0, 0, 0, 0, 1, 84
"c:\Users\李子林\Desktop\aigc\项目\emocloud1\uni_modules\uni-file-picker\readme.md", "Markdown", 6, 0, 0, 0, 0, 0, 0, 0, 0, 5, 11
"c:\Users\李子林\Desktop\aigc\项目\emocloud1\uni_modules\uni-forms\changelog.md", "Markdown", 94, 0, 0, 0, 0, 0, 0, 0, 0, 1, 95
"c:\Users\李子林\Desktop\aigc\项目\emocloud1\uni_modules\uni-forms\components\uni-forms\utils.js", "JavaScript", 0, 0, 162, 0, 0, 0, 0, 0, 111, 21, 294
"c:\Users\李子林\Desktop\aigc\项目\emocloud1\uni_modules\uni-forms\components\uni-forms\validate.js", "JavaScript", 0, 0, 421, 0, 0, 0, 0, 0, 1, 65, 487
"c:\Users\李子林\Desktop\aigc\项目\emocloud1\uni_modules\uni-forms\package.json", "JSON", 0, 88, 0, 0, 0, 0, 0, 0, 0, 1, 89
"c:\Users\李子林\Desktop\aigc\项目\emocloud1\uni_modules\uni-forms\readme.md", "Markdown", 12, 0, 0, 0, 0, 0, 0, 0, 0, 11, 23
"c:\Users\李子林\Desktop\aigc\项目\emocloud1\uni_modules\uni-goods-nav\changelog.md", "Markdown", 17, 0, 0, 0, 0, 0, 0, 0, 0, 2, 19
"c:\Users\李子林\Desktop\aigc\项目\emocloud1\uni_modules\uni-goods-nav\components\uni-goods-nav\i18n\en.json", "JSON", 0, 6, 0, 0, 0, 0, 0, 0, 0, 1, 7
"c:\Users\李子林\Desktop\aigc\项目\emocloud1\uni_modules\uni-goods-nav\components\uni-goods-nav\i18n\index.js", "JavaScript", 0, 0, 8, 0, 0, 0, 0, 0, 0, 1, 9
"c:\Users\李子林\Desktop\aigc\项目\emocloud1\uni_modules\uni-goods-nav\components\uni-goods-nav\i18n\zh-Hans.json", "JSON", 0, 6, 0, 0, 0, 0, 0, 0, 0, 1, 7
"c:\Users\李子林\Desktop\aigc\项目\emocloud1\uni_modules\uni-goods-nav\components\uni-goods-nav\i18n\zh-Hant.json", "JSON", 0, 6, 0, 0, 0, 0, 0, 0, 0, 1, 7
"c:\Users\李子林\Desktop\aigc\项目\emocloud1\uni_modules\uni-goods-nav\package.json", "JSON", 0, 88, 0, 0, 0, 0, 0, 0, 0, 1, 89
"c:\Users\李子林\Desktop\aigc\项目\emocloud1\uni_modules\uni-goods-nav\readme.md", "Markdown", 6, 0, 0, 0, 0, 0, 0, 0, 0, 4, 10
"c:\Users\李子林\Desktop\aigc\项目\emocloud1\uni_modules\uni-grid\changelog.md", "Markdown", 13, 0, 0, 0, 0, 0, 0, 0, 0, 1, 14
"c:\Users\李子林\Desktop\aigc\项目\emocloud1\uni_modules\uni-grid\package.json", "JSON", 0, 86, 0, 0, 0, 0, 0, 0, 0, 1, 87
"c:\Users\李子林\Desktop\aigc\项目\emocloud1\uni_modules\uni-grid\readme.md", "Markdown", 6, 0, 0, 0, 0, 0, 0, 0, 0, 5, 11
"c:\Users\李子林\Desktop\aigc\项目\emocloud1\uni_modules\uni-group\changelog.md", "Markdown", 16, 0, 0, 0, 0, 0, 0, 0, 0, 1, 17
"c:\Users\李子林\Desktop\aigc\项目\emocloud1\uni_modules\uni-group\package.json", "JSON", 0, 87, 0, 0, 0, 0, 0, 0, 0, 0, 87
"c:\Users\李子林\Desktop\aigc\项目\emocloud1\uni_modules\uni-group\readme.md", "Markdown", 6, 0, 0, 0, 0, 0, 0, 0, 0, 3, 9
"c:\Users\李子林\Desktop\aigc\项目\emocloud1\uni_modules\uni-icons\changelog.md", "Markdown", 40, 0, 0, 0, 0, 0, 0, 0, 0, 1, 41
"c:\Users\李子林\Desktop\aigc\项目\emocloud1\uni_modules\uni-icons\components\uni-icons\uniicons.css", "PostCSS", 0, 0, 0, 0, 0, 498, 0, 0, 0, 167, 665
"c:\Users\李子林\Desktop\aigc\项目\emocloud1\uni_modules\uni-icons\components\uni-icons\uniicons_file.ts", "TypeScript", 0, 0, 0, 0, 0, 0, 658, 0, 1, 6, 665
"c:\Users\李子林\Desktop\aigc\项目\emocloud1\uni_modules\uni-icons\components\uni-icons\uniicons_file_vue.js", "JavaScript", 0, 0, 646, 0, 0, 0, 0, 0, 1, 3, 650
"c:\Users\李子林\Desktop\aigc\项目\emocloud1\uni_modules\uni-icons\package.json", "JSON", 0, 88, 0, 0, 0, 0, 0, 0, 0, 1, 89
"c:\Users\李子林\Desktop\aigc\项目\emocloud1\uni_modules\uni-icons\readme.md", "Markdown", 6, 0, 0, 0, 0, 0, 0, 0, 0, 3, 9
"c:\Users\李子林\Desktop\aigc\项目\emocloud1\uni_modules\uni-indexed-list\changelog.md", "Markdown", 16, 0, 0, 0, 0, 0, 0, 0, 0, 2, 18
"c:\Users\李子林\Desktop\aigc\项目\emocloud1\uni_modules\uni-indexed-list\package.json", "JSON", 0, 89, 0, 0, 0, 0, 0, 0, 0, 1, 90
"c:\Users\李子林\Desktop\aigc\项目\emocloud1\uni_modules\uni-indexed-list\readme.md", "Markdown", 6, 0, 0, 0, 0, 0, 0, 0, 0, 6, 12
"c:\Users\李子林\Desktop\aigc\项目\emocloud1\uni_modules\uni-link\changelog.md", "Markdown", 16, 0, 0, 0, 0, 0, 0, 0, 0, 2, 18
"c:\Users\李子林\Desktop\aigc\项目\emocloud1\uni_modules\uni-link\package.json", "JSON", 0, 87, 0, 0, 0, 0, 0, 0, 0, 0, 87
"c:\Users\李子林\Desktop\aigc\项目\emocloud1\uni_modules\uni-link\readme.md", "Markdown", 6, 0, 0, 0, 0, 0, 0, 0, 0, 5, 11
"c:\Users\李子林\Desktop\aigc\项目\emocloud1\uni_modules\uni-list\changelog.md", "Markdown", 46, 0, 0, 0, 0, 0, 0, 0, 0, 1, 47
"c:\Users\李子林\Desktop\aigc\项目\emocloud1\uni_modules\uni-list\components\uni-list-chat\uni-list-chat.scss", "SCSS", 0, 0, 0, 0, 25, 0, 0, 0, 23, 11, 59
"c:\Users\李子林\Desktop\aigc\项目\emocloud1\uni_modules\uni-list\components\uni-list\uni-refresh.wxs", "XML", 0, 0, 0, 73, 0, 0, 0, 0, 0, 15, 88
"c:\Users\李子林\Desktop\aigc\项目\emocloud1\uni_modules\uni-list\package.json", "JSON", 0, 88, 0, 0, 0, 0, 0, 0, 0, 0, 88
"c:\Users\李子林\Desktop\aigc\项目\emocloud1\uni_modules\uni-list\readme.md", "Markdown", 245, 0, 0, 0, 0, 0, 0, 0, 10, 91, 346
"c:\Users\李子林\Desktop\aigc\项目\emocloud1\uni_modules\uni-load-more\changelog.md", "Markdown", 19, 0, 0, 0, 0, 0, 0, 0, 0, 1, 20
"c:\Users\李子林\Desktop\aigc\项目\emocloud1\uni_modules\uni-load-more\components\uni-load-more\i18n\en.json", "JSON", 0, 5, 0, 0, 0, 0, 0, 0, 0, 1, 6
"c:\Users\李子林\Desktop\aigc\项目\emocloud1\uni_modules\uni-load-more\components\uni-load-more\i18n\index.js", "JavaScript", 0, 0, 8, 0, 0, 0, 0, 0, 0, 1, 9
"c:\Users\李子林\Desktop\aigc\项目\emocloud1\uni_modules\uni-load-more\components\uni-load-more\i18n\zh-Hans.json", "JSON", 0, 5, 0, 0, 0, 0, 0, 0, 0, 1, 6
"c:\Users\李子林\Desktop\aigc\项目\emocloud1\uni_modules\uni-load-more\components\uni-load-more\i18n\zh-Hant.json", "JSON", 0, 5, 0, 0, 0, 0, 0, 0, 0, 1, 6
"c:\Users\李子林\Desktop\aigc\项目\emocloud1\uni_modules\uni-load-more\package.json", "JSON", 0, 86, 0, 0, 0, 0, 0, 0, 0, 0, 86
"c:\Users\李子林\Desktop\aigc\项目\emocloud1\uni_modules\uni-load-more\readme.md", "Markdown", 6, 0, 0, 0, 0, 0, 0, 0, 0, 9, 15
"c:\Users\李子林\Desktop\aigc\项目\emocloud1\uni_modules\uni-nav-bar\changelog.md", "Markdown", 48, 0, 0, 0, 0, 0, 0, 0, 0, 4, 52
"c:\Users\李子林\Desktop\aigc\项目\emocloud1\uni_modules\uni-nav-bar\package.json", "JSON", 0, 86, 0, 0, 0, 0, 0, 0, 0, 0, 86
"c:\Users\李子林\Desktop\aigc\项目\emocloud1\uni_modules\uni-nav-bar\readme.md", "Markdown", 6, 0, 0, 0, 0, 0, 0, 0, 0, 10, 16
"c:\Users\李子林\Desktop\aigc\项目\emocloud1\uni_modules\uni-notice-bar\changelog.md", "Markdown", 19, 0, 0, 0, 0, 0, 0, 0, 0, 2, 21
"c:\Users\李子林\Desktop\aigc\项目\emocloud1\uni_modules\uni-notice-bar\package.json", "JSON", 0, 87, 0, 0, 0, 0, 0, 0, 0, 1, 88
"c:\Users\李子林\Desktop\aigc\项目\emocloud1\uni_modules\uni-notice-bar\readme.md", "Markdown", 6, 0, 0, 0, 0, 0, 0, 0, 0, 8, 14
"c:\Users\李子林\Desktop\aigc\项目\emocloud1\uni_modules\uni-number-box\changelog.md", "Markdown", 38, 0, 0, 0, 0, 0, 0, 0, 0, 2, 40
"c:\Users\李子林\Desktop\aigc\项目\emocloud1\uni_modules\uni-number-box\package.json", "JSON", 0, 83, 0, 0, 0, 0, 0, 0, 0, 0, 83
"c:\Users\李子林\Desktop\aigc\项目\emocloud1\uni_modules\uni-number-box\readme.md", "Markdown", 6, 0, 0, 0, 0, 0, 0, 0, 0, 8, 14
"c:\Users\李子林\Desktop\aigc\项目\emocloud1\uni_modules\uni-pagination\changelog.md", "Markdown", 26, 0, 0, 0, 0, 0, 0, 0, 0, 2, 28
"c:\Users\李子林\Desktop\aigc\项目\emocloud1\uni_modules\uni-pagination\components\uni-pagination\i18n\en.json", "JSON", 0, 5, 0, 0, 0, 0, 0, 0, 0, 1, 6
"c:\Users\李子林\Desktop\aigc\项目\emocloud1\uni_modules\uni-pagination\components\uni-pagination\i18n\es.json", "JSON", 0, 5, 0, 0, 0, 0, 0, 0, 0, 1, 6
"c:\Users\李子林\Desktop\aigc\项目\emocloud1\uni_modules\uni-pagination\components\uni-pagination\i18n\fr.json", "JSON", 0, 5, 0, 0, 0, 0, 0, 0, 0, 1, 6
"c:\Users\李子林\Desktop\aigc\项目\emocloud1\uni_modules\uni-pagination\components\uni-pagination\i18n\index.js", "JavaScript", 0, 0, 12, 0, 0, 0, 0, 0, 0, 1, 13
"c:\Users\李子林\Desktop\aigc\项目\emocloud1\uni_modules\uni-pagination\components\uni-pagination\i18n\zh-Hans.json", "JSON", 0, 5, 0, 0, 0, 0, 0, 0, 0, 1, 6
"c:\Users\李子林\Desktop\aigc\项目\emocloud1\uni_modules\uni-pagination\components\uni-pagination\i18n\zh-Hant.json", "JSON", 0, 5, 0, 0, 0, 0, 0, 0, 0, 1, 6
"c:\Users\李子林\Desktop\aigc\项目\emocloud1\uni_modules\uni-pagination\package.json", "JSON", 0, 83, 0, 0, 0, 0, 0, 0, 0, 0, 83
"c:\Users\李子林\Desktop\aigc\项目\emocloud1\uni_modules\uni-pagination\readme.md", "Markdown", 6, 0, 0, 0, 0, 0, 0, 0, 0, 6, 12
"c:\Users\李子林\Desktop\aigc\项目\emocloud1\uni_modules\uni-popup\changelog.md", "Markdown", 84, 0, 0, 0, 0, 0, 0, 0, 0, 1, 85
"c:\Users\李子林\Desktop\aigc\项目\emocloud1\uni_modules\uni-popup\components\uni-popup-dialog\keypress.js", "JavaScript", 0, 0, 42, 0, 0, 0, 0, 0, 3, 1, 46
"c:\Users\李子林\Desktop\aigc\项目\emocloud1\uni_modules\uni-popup\components\uni-popup\i18n\en.json", "JSON", 0, 7, 0, 0, 0, 0, 0, 0, 0, 1, 8
"c:\Users\李子林\Desktop\aigc\项目\emocloud1\uni_modules\uni-popup\components\uni-popup\i18n\index.js", "JavaScript", 0, 0, 8, 0, 0, 0, 0, 0, 0, 1, 9
"c:\Users\李子林\Desktop\aigc\项目\emocloud1\uni_modules\uni-popup\components\uni-popup\i18n\zh-Hans.json", "JSON", 0, 7, 0, 0, 0, 0, 0, 0, 0, 1, 8
"c:\Users\李子林\Desktop\aigc\项目\emocloud1\uni_modules\uni-popup\components\uni-popup\i18n\zh-Hant.json", "JSON", 0, 7, 0, 0, 0, 0, 0, 0, 0, 1, 8
"c:\Users\李子林\Desktop\aigc\项目\emocloud1\uni_modules\uni-popup\components\uni-popup\keypress.js", "JavaScript", 0, 0, 39, 0, 0, 0, 0, 0, 6, 1, 46
"c:\Users\李子林\Desktop\aigc\项目\emocloud1\uni_modules\uni-popup\components\uni-popup\popup.js", "JavaScript", 0, 0, 21, 0, 0, 0, 0, 0, 3, 3, 27
"c:\Users\李子林\Desktop\aigc\项目\emocloud1\uni_modules\uni-popup\package.json", "JSON", 0, 88, 0, 0, 0, 0, 0, 0, 0, 1, 89
"c:\Users\李子林\Desktop\aigc\项目\emocloud1\uni_modules\uni-popup\readme.md", "Markdown", 7, 0, 0, 0, 0, 0, 0, 0, 0, 11, 18
"c:\Users\李子林\Desktop\aigc\项目\emocloud1\uni_modules\uni-rate\changelog.md", "Markdown", 23, 0, 0, 0, 0, 0, 0, 0, 0, 3, 26
"c:\Users\李子林\Desktop\aigc\项目\emocloud1\uni_modules\uni-rate\package.json", "JSON", 0, 88, 0, 0, 0, 0, 0, 0, 0, 1, 89
"c:\Users\李子林\Desktop\aigc\项目\emocloud1\uni_modules\uni-rate\readme.md", "Markdown", 7, 0, 0, 0, 0, 0, 0, 0, 0, 5, 12
"c:\Users\李子林\Desktop\aigc\项目\emocloud1\uni_modules\uni-row\changelog.md", "Markdown", 10, 0, 0, 0, 0, 0, 0, 0, 0, 1, 11
"c:\Users\李子林\Desktop\aigc\项目\emocloud1\uni_modules\uni-row\package.json", "JSON", 0, 87, 0, 0, 0, 0, 0, 0, 0, 0, 87
"c:\Users\李子林\Desktop\aigc\项目\emocloud1\uni_modules\uni-row\readme.md", "Markdown", 6, 0, 0, 0, 0, 0, 0, 0, 0, 4, 10
"c:\Users\李子林\Desktop\aigc\项目\emocloud1\uni_modules\uni-scss\changelog.md", "Markdown", 8, 0, 0, 0, 0, 0, 0, 0, 0, 1, 9
"c:\Users\李子林\Desktop\aigc\项目\emocloud1\uni_modules\uni-scss\index.scss", "SCSS", 0, 0, 0, 0, 1, 0, 0, 0, 0, 1, 2
"c:\Users\李子林\Desktop\aigc\项目\emocloud1\uni_modules\uni-scss\package.json", "JSON", 0, 82, 0, 0, 0, 0, 0, 0, 0, 1, 83
"c:\Users\李子林\Desktop\aigc\项目\emocloud1\uni_modules\uni-scss\readme.md", "Markdown", 3, 0, 0, 0, 0, 0, 0, 0, 0, 1, 4
"c:\Users\李子林\Desktop\aigc\项目\emocloud1\uni_modules\uni-scss\styles\index.scss", "SCSS", 0, 0, 0, 0, 7, 0, 0, 0, 0, 1, 8
"c:\Users\李子林\Desktop\aigc\项目\emocloud1\uni_modules\uni-scss\styles\setting\_border.scss", "SCSS", 0, 0, 0, 0, 3, 0, 0, 0, 0, 0, 3
"c:\Users\李子林\Desktop\aigc\项目\emocloud1\uni_modules\uni-scss\styles\setting\_color.scss", "SCSS", 0, 0, 0, 0, 49, 0, 0, 0, 16, 2, 67
"c:\Users\李子林\Desktop\aigc\项目\emocloud1\uni_modules\uni-scss\styles\setting\_radius.scss", "SCSS", 0, 0, 0, 0, 52, 0, 0, 0, 1, 3, 56
"c:\Users\李子林\Desktop\aigc\项目\emocloud1\uni_modules\uni-scss\styles\setting\_space.scss", "SCSS", 0, 0, 0, 0, 54, 0, 0, 0, 0, 2, 56
"c:\Users\李子林\Desktop\aigc\项目\emocloud1\uni_modules\uni-scss\styles\setting\_styles.scss", "SCSS", 0, 0, 0, 0, 149, 0, 0, 0, 3, 16, 168
"c:\Users\李子林\Desktop\aigc\项目\emocloud1\uni_modules\uni-scss\styles\setting\_text.scss", "SCSS", 0, 0, 0, 0, 19, 0, 0, 0, 4, 2, 25
"c:\Users\李子林\Desktop\aigc\项目\emocloud1\uni_modules\uni-scss\styles\setting\_variables.scss", "SCSS", 0, 0, 0, 0, 103, 0, 0, 0, 29, 15, 147
"c:\Users\李子林\Desktop\aigc\项目\emocloud1\uni_modules\uni-scss\styles\tools\functions.scss", "SCSS", 0, 0, 0, 0, 17, 0, 0, 0, 1, 2, 20
"c:\Users\李子林\Desktop\aigc\项目\emocloud1\uni_modules\uni-scss\theme.scss", "SCSS", 0, 0, 0, 0, 19, 0, 0, 0, 11, 2, 32
"c:\Users\李子林\Desktop\aigc\项目\emocloud1\uni_modules\uni-scss\variables.scss", "SCSS", 0, 0, 0, 0, 37, 0, 0, 0, 13, 13, 63
"c:\Users\李子林\Desktop\aigc\项目\emocloud1\uni_modules\uni-search-bar\changelog.md", "Markdown", 45, 0, 0, 0, 0, 0, 0, 0, 0, 3, 48
"c:\Users\李子林\Desktop\aigc\项目\emocloud1\uni_modules\uni-search-bar\components\uni-search-bar\i18n\en.json", "JSON", 0, 4, 0, 0, 0, 0, 0, 0, 0, 0, 4
"c:\Users\李子林\Desktop\aigc\项目\emocloud1\uni_modules\uni-search-bar\components\uni-search-bar\i18n\index.js", "JavaScript", 0, 0, 8, 0, 0, 0, 0, 0, 0, 1, 9
"c:\Users\李子林\Desktop\aigc\项目\emocloud1\uni_modules\uni-search-bar\components\uni-search-bar\i18n\zh-Hans.json", "JSON", 0, 4, 0, 0, 0, 0, 0, 0, 0, 1, 5
"c:\Users\李子林\Desktop\aigc\项目\emocloud1\uni_modules\uni-search-bar\components\uni-search-bar\i18n\zh-Hant.json", "JSON", 0, 4, 0, 0, 0, 0, 0, 0, 0, 1, 5
"c:\Users\李子林\Desktop\aigc\项目\emocloud1\uni_modules\uni-search-bar\package.json", "JSON", 0, 87, 0, 0, 0, 0, 0, 0, 0, 0, 87
"c:\Users\李子林\Desktop\aigc\项目\emocloud1\uni_modules\uni-search-bar\readme.md", "Markdown", 6, 0, 0, 0, 0, 0, 0, 0, 0, 9, 15
"c:\Users\李子林\Desktop\aigc\项目\emocloud1\uni_modules\uni-section\changelog.md", "Markdown", 2, 0, 0, 0, 0, 0, 0, 0, 0, 1, 3
"c:\Users\李子林\Desktop\aigc\项目\emocloud1\uni_modules\uni-section\package.json", "JSON", 0, 87, 0, 0, 0, 0, 0, 0, 0, 0, 87
"c:\Users\李子林\Desktop\aigc\项目\emocloud1\uni_modules\uni-section\readme.md", "Markdown", 6, 0, 0, 0, 0, 0, 0, 0, 0, 3, 9
"c:\Users\李子林\Desktop\aigc\项目\emocloud1\uni_modules\uni-segmented-control\changelog.md", "Markdown", 15, 0, 0, 0, 0, 0, 0, 0, 0, 1, 16
"c:\Users\李子林\Desktop\aigc\项目\emocloud1\uni_modules\uni-segmented-control\package.json", "JSON", 0, 85, 0, 0, 0, 0, 0, 0, 0, 0, 85
"c:\Users\李子林\Desktop\aigc\项目\emocloud1\uni_modules\uni-segmented-control\readme.md", "Markdown", 6, 0, 0, 0, 0, 0, 0, 0, 0, 8, 14
"c:\Users\李子林\Desktop\aigc\项目\emocloud1\uni_modules\uni-steps\changelog.md", "Markdown", 17, 0, 0, 0, 0, 0, 0, 0, 0, 2, 19
"c:\Users\李子林\Desktop\aigc\项目\emocloud1\uni_modules\uni-steps\package.json", "JSON", 0, 87, 0, 0, 0, 0, 0, 0, 0, 0, 87
"c:\Users\李子林\Desktop\aigc\项目\emocloud1\uni_modules\uni-steps\readme.md", "Markdown", 6, 0, 0, 0, 0, 0, 0, 0, 0, 8, 14
"c:\Users\李子林\Desktop\aigc\项目\emocloud1\uni_modules\uni-swipe-action\changelog.md", "Markdown", 47, 0, 0, 0, 0, 0, 0, 0, 0, 1, 48
"c:\Users\李子林\Desktop\aigc\项目\emocloud1\uni_modules\uni-swipe-action\components\uni-swipe-action-item\bindingx.js", "JavaScript", 0, 0, 247, 0, 0, 0, 0, 0, 37, 19, 303
"c:\Users\李子林\Desktop\aigc\项目\emocloud1\uni_modules\uni-swipe-action\components\uni-swipe-action-item\isPC.js", "JavaScript", 0, 0, 12, 0, 0, 0, 0, 0, 0, 1, 13
"c:\Users\李子林\Desktop\aigc\项目\emocloud1\uni_modules\uni-swipe-action\components\uni-swipe-action-item\mpalipay.js", "JavaScript", 0, 0, 160, 0, 0, 0, 0, 0, 24, 12, 196
"c:\Users\李子林\Desktop\aigc\项目\emocloud1\uni_modules\uni-swipe-action\components\uni-swipe-action-item\mpother.js", "JavaScript", 0, 0, 204, 0, 0, 0, 0, 0, 43, 14, 261
"c:\Users\李子林\Desktop\aigc\项目\emocloud1\uni_modules\uni-swipe-action\components\uni-swipe-action-item\mpwxs.js", "JavaScript", 0, 0, 72, 0, 0, 0, 0, 0, 8, 5, 85
"c:\Users\李子林\Desktop\aigc\项目\emocloud1\uni_modules\uni-swipe-action\components\uni-swipe-action-item\render.js", "JavaScript", 0, 0, 169, 0, 0, 0, 0, 0, 74, 28, 271
"c:\Users\李子林\Desktop\aigc\项目\emocloud1\uni_modules\uni-swipe-action\components\uni-swipe-action-item\wx.wxs", "XML", 0, 0, 0, 305, 0, 0, 0, 0, 0, 37, 342
"c:\Users\李子林\Desktop\aigc\项目\emocloud1\uni_modules\uni-swipe-action\package.json", "JSON", 0, 84, 0, 0, 0, 0, 0, 0, 0, 1, 85
"c:\Users\李子林\Desktop\aigc\项目\emocloud1\uni_modules\uni-swipe-action\readme.md", "Markdown", 6, 0, 0, 0, 0, 0, 0, 0, 0, 5, 11
"c:\Users\李子林\Desktop\aigc\项目\emocloud1\uni_modules\uni-swiper-dot\changelog.md", "Markdown", 12, 0, 0, 0, 0, 0, 0, 0, 0, 1, 13
"c:\Users\李子林\Desktop\aigc\项目\emocloud1\uni_modules\uni-swiper-dot\package.json", "JSON", 0, 87, 0, 0, 0, 0, 0, 0, 0, 0, 87
"c:\Users\李子林\Desktop\aigc\项目\emocloud1\uni_modules\uni-swiper-dot\readme.md", "Markdown", 6, 0, 0, 0, 0, 0, 0, 0, 0, 5, 11
"c:\Users\李子林\Desktop\aigc\项目\emocloud1\uni_modules\uni-table\changelog.md", "Markdown", 29, 0, 0, 0, 0, 0, 0, 0, 0, 1, 30
"c:\Users\李子林\Desktop\aigc\项目\emocloud1\uni_modules\uni-table\i18n\en.json", "JSON", 0, 9, 0, 0, 0, 0, 0, 0, 0, 1, 10
"c:\Users\李子林\Desktop\aigc\项目\emocloud1\uni_modules\uni-table\i18n\es.json", "JSON", 0, 9, 0, 0, 0, 0, 0, 0, 0, 1, 10
"c:\Users\李子林\Desktop\aigc\项目\emocloud1\uni_modules\uni-table\i18n\fr.json", "JSON", 0, 9, 0, 0, 0, 0, 0, 0, 0, 1, 10
"c:\Users\李子林\Desktop\aigc\项目\emocloud1\uni_modules\uni-table\i18n\index.js", "JavaScript", 0, 0, 12, 0, 0, 0, 0, 0, 0, 1, 13
"c:\Users\李子林\Desktop\aigc\项目\emocloud1\uni_modules\uni-table\i18n\zh-Hans.json", "JSON", 0, 9, 0, 0, 0, 0, 0, 0, 0, 1, 10
"c:\Users\李子林\Desktop\aigc\项目\emocloud1\uni_modules\uni-table\i18n\zh-Hant.json", "JSON", 0, 9, 0, 0, 0, 0, 0, 0, 0, 1, 10
"c:\Users\李子林\Desktop\aigc\项目\emocloud1\uni_modules\uni-table\package.json", "JSON", 0, 83, 0, 0, 0, 0, 0, 0, 0, 0, 83
"c:\Users\李子林\Desktop\aigc\项目\emocloud1\uni_modules\uni-table\readme.md", "Markdown", 5, 0, 0, 0, 0, 0, 0, 0, 0, 9, 14
"c:\Users\李子林\Desktop\aigc\项目\emocloud1\uni_modules\uni-tag\changelog.md", "Markdown", 23, 0, 0, 0, 0, 0, 0, 0, 0, 1, 24
"c:\Users\李子林\Desktop\aigc\项目\emocloud1\uni_modules\uni-tag\package.json", "JSON", 0, 84, 0, 0, 0, 0, 0, 0, 0, 0, 84
"c:\Users\李子林\Desktop\aigc\项目\emocloud1\uni_modules\uni-tag\readme.md", "Markdown", 6, 0, 0, 0, 0, 0, 0, 0, 0, 8, 14
"c:\Users\李子林\Desktop\aigc\项目\emocloud1\uni_modules\uni-test\changelog.md", "Markdown", 33, 0, 0, 0, 0, 0, 0, 0, 0, 7, 40
"c:\Users\李子林\Desktop\aigc\项目\emocloud1\uni_modules\uni-test\package.json", "JSON", 0, 83, 0, 0, 0, 0, 0, 0, 0, 1, 84
"c:\Users\李子林\Desktop\aigc\项目\emocloud1\uni_modules\uni-test\readme.md", "Markdown", 5, 0, 0, 0, 0, 0, 0, 0, 0, 5, 10
"c:\Users\李子林\Desktop\aigc\项目\emocloud1\uni_modules\uni-title\changelog.md", "Markdown", 10, 0, 0, 0, 0, 0, 0, 0, 0, 1, 11
"c:\Users\李子林\Desktop\aigc\项目\emocloud1\uni_modules\uni-title\package.json", "JSON", 0, 88, 0, 0, 0, 0, 0, 0, 0, 0, 88
"c:\Users\李子林\Desktop\aigc\项目\emocloud1\uni_modules\uni-title\readme.md", "Markdown", 6, 0, 0, 0, 0, 0, 0, 0, 0, 9, 15
"c:\Users\李子林\Desktop\aigc\项目\emocloud1\uni_modules\uni-tooltip\changelog.md", "Markdown", 16, 0, 0, 0, 0, 0, 0, 0, 0, 1, 17
"c:\Users\李子林\Desktop\aigc\项目\emocloud1\uni_modules\uni-tooltip\package.json", "JSON", 0, 86, 0, 0, 0, 0, 0, 0, 0, 0, 86
"c:\Users\李子林\Desktop\aigc\项目\emocloud1\uni_modules\uni-tooltip\readme.md", "Markdown", 6, 0, 0, 0, 0, 0, 0, 0, 0, 3, 9
"c:\Users\李子林\Desktop\aigc\项目\emocloud1\uni_modules\uni-transition\changelog.md", "Markdown", 24, 0, 0, 0, 0, 0, 0, 0, 0, 1, 25
"c:\Users\李子林\Desktop\aigc\项目\emocloud1\uni_modules\uni-transition\components\uni-transition\createAnimation.js", "JavaScript", 0, 0, 102, 0, 0, 0, 0, 0, 21, 9, 132
"c:\Users\李子林\Desktop\aigc\项目\emocloud1\uni_modules\uni-transition\package.json", "JSON", 0, 85, 0, 0, 0, 0, 0, 0, 0, 0, 85
"c:\Users\李子林\Desktop\aigc\项目\emocloud1\uni_modules\uni-transition\readme.md", "Markdown", 6, 0, 0, 0, 0, 0, 0, 0, 0, 5, 11
"c:\Users\李子林\Desktop\aigc\项目\emocloud1\uni_modules\uni-ui\changelog.md", "Markdown", 574, 0, 0, 0, 0, 0, 0, 0, 0, 5, 579
"c:\Users\李子林\Desktop\aigc\项目\emocloud1\uni_modules\uni-ui\package.json", "JSON", 0, 130, 0, 0, 0, 0, 0, 0, 0, 0, 130
"c:\Users\李子林\Desktop\aigc\项目\emocloud1\uni_modules\uni-ui\readme.md", "Markdown", 178, 0, 0, 0, 0, 0, 0, 0, 0, 69, 247
"c:\Users\李子林\Desktop\aigc\项目\emocloud1\uni_modules\wo-xiaohongshu-h5\changelog.md", "Markdown", 2, 0, 0, 0, 0, 0, 0, 0, 0, 1, 3
"c:\Users\李子林\Desktop\aigc\项目\emocloud1\uni_modules\wo-xiaohongshu-h5\package.json", "JSON", 0, 87, 0, 0, 0, 0, 0, 0, 0, 0, 87
"c:\Users\李子林\Desktop\aigc\项目\emocloud1\uni_modules\wo-xiaohongshu-h5\readme.md", "Markdown", 1, 0, 0, 0, 0, 0, 0, 0, 0, 0, 1
"c:\Users\李子林\Desktop\aigc\项目\emocloud1\unpackage\dist\build\.nvue\app.css.js", "JavaScript", 0, 0, 11, 0, 0, 0, 0, 0, 0, 1, 12
"c:\Users\李子林\Desktop\aigc\项目\emocloud1\unpackage\dist\build\.nvue\app.js", "JavaScript", 0, 0, 2, 0, 0, 0, 0, 0, 0, 1, 3
"c:\Users\李子林\Desktop\aigc\项目\emocloud1\unpackage\dist\build\app-plus\__uniappautomator.js", "JavaScript", 0, 0, 2, 0, 0, 0, 0, 0, 14, 1, 17
"c:\Users\李子林\Desktop\aigc\项目\emocloud1\unpackage\dist\build\app-plus\__uniappchooselocation.js", "JavaScript", 0, 0, 28, 0, 0, 0, 0, 0, 0, 5, 33
"c:\Users\李子林\Desktop\aigc\项目\emocloud1\unpackage\dist\build\app-plus\__uniappopenlocation.js", "JavaScript", 0, 0, 28, 0, 0, 0, 0, 0, 0, 5, 33
"c:\Users\李子林\Desktop\aigc\项目\emocloud1\unpackage\dist\build\app-plus\__uniapppicker.js", "JavaScript", 0, 0, 29, 0, 0, 0, 0, 0, 0, 5, 34
"c:\Users\李子林\Desktop\aigc\项目\emocloud1\unpackage\dist\build\app-plus\__uniappquill.js", "JavaScript", 0, 0, 1, 0, 0, 0, 0, 0, 7, 0, 8
"c:\Users\李子林\Desktop\aigc\项目\emocloud1\unpackage\dist\build\app-plus\__uniappquillimageresize.js", "JavaScript", 0, 0, 1, 0, 0, 0, 0, 0, 0, 0, 1
"c:\Users\李子林\Desktop\aigc\项目\emocloud1\unpackage\dist\build\app-plus\__uniappscan.js", "JavaScript", 0, 0, 28, 0, 0, 0, 0, 0, 0, 5, 33
"c:\Users\李子林\Desktop\aigc\项目\emocloud1\unpackage\dist\build\app-plus\__uniappview.html", "HTML", 0, 0, 0, 0, 0, 0, 0, 21, 0, 4, 25
"c:\Users\李子林\Desktop\aigc\项目\emocloud1\unpackage\dist\build\app-plus\app-config-service.js", "JavaScript", 0, 0, 9, 0, 0, 0, 0, 0, 0, 2, 11
"c:\Users\李子林\Desktop\aigc\项目\emocloud1\unpackage\dist\build\app-plus\app-config.js", "JavaScript", 0, 0, 1, 0, 0, 0, 0, 0, 0, 0, 1
"c:\Users\李子林\Desktop\aigc\项目\emocloud1\unpackage\dist\build\app-plus\app-service.js", "JavaScript", 0, 0, 1, 0, 0, 0, 0, 0, 0, 1, 2
"c:\Users\李子林\Desktop\aigc\项目\emocloud1\unpackage\dist\build\app-plus\app.css", "PostCSS", 0, 0, 0, 0, 0, 2, 0, 0, 0, 2, 4
"c:\Users\李子林\Desktop\aigc\项目\emocloud1\unpackage\dist\build\app-plus\manifest.json", "JSON", 0, 148, 0, 0, 0, 0, 0, 0, 0, 0, 148
"c:\Users\李子林\Desktop\aigc\项目\emocloud1\unpackage\dist\build\app-plus\pages\auth\login\index.css", "PostCSS", 0, 0, 0, 0, 0, 1, 0, 0, 0, 1, 2
"c:\Users\李子林\Desktop\aigc\项目\emocloud1\unpackage\dist\build\app-plus\pages\auth\register\index.css", "PostCSS", 0, 0, 0, 0, 0, 1, 0, 0, 0, 1, 2
"c:\Users\李子林\Desktop\aigc\项目\emocloud1\unpackage\dist\build\app-plus\pages\empathySocial\index.css", "PostCSS", 0, 0, 0, 0, 0, 1, 0, 0, 0, 1, 2
"c:\Users\李子林\Desktop\aigc\项目\emocloud1\unpackage\dist\build\app-plus\pages\empathySocial\note.css", "PostCSS", 0, 0, 0, 0, 0, 1, 0, 0, 0, 1, 2
"c:\Users\李子林\Desktop\aigc\项目\emocloud1\unpackage\dist\build\app-plus\pages\empathySocial\post.css", "PostCSS", 0, 0, 0, 0, 0, 1, 0, 0, 0, 1, 2
"c:\Users\李子林\Desktop\aigc\项目\emocloud1\unpackage\dist\build\app-plus\pages\home\index.css", "PostCSS", 0, 0, 0, 0, 0, 1, 0, 0, 0, 1, 2
"c:\Users\李子林\Desktop\aigc\项目\emocloud1\unpackage\dist\build\app-plus\pages\moodCompanion\chat\chat.css", "PostCSS", 0, 0, 0, 0, 0, 1, 0, 0, 0, 1, 2
"c:\Users\李子林\Desktop\aigc\项目\emocloud1\unpackage\dist\build\app-plus\pages\moodCompanion\scene\scene.css", "PostCSS", 0, 0, 0, 0, 0, 0, 0, 0, 0, 1, 1
"c:\Users\李子林\Desktop\aigc\项目\emocloud1\unpackage\dist\build\app-plus\pages\moodJournal\diary\Ddetail.css", "PostCSS", 0, 0, 0, 0, 0, 1, 0, 0, 0, 1, 2
"c:\Users\李子林\Desktop\aigc\项目\emocloud1\unpackage\dist\build\app-plus\pages\moodJournal\diary\Dlist.css", "PostCSS", 0, 0, 0, 0, 0, 1, 0, 0, 0, 1, 2
"c:\Users\李子林\Desktop\aigc\项目\emocloud1\unpackage\dist\build\app-plus\pages\moodJournal\journal\Jdetail.css", "PostCSS", 0, 0, 0, 0, 0, 1, 0, 0, 0, 1, 2
"c:\Users\李子林\Desktop\aigc\项目\emocloud1\unpackage\dist\build\app-plus\pages\moodJournal\journal\Jlist.css", "PostCSS", 0, 0, 0, 0, 0, 1, 0, 0, 0, 1, 2
"c:\Users\李子林\Desktop\aigc\项目\emocloud1\unpackage\dist\build\app-plus\pages\settings\account.css", "PostCSS", 0, 0, 0, 0, 0, 1, 0, 0, 0, 1, 2
"c:\Users\李子林\Desktop\aigc\项目\emocloud1\unpackage\dist\build\app-plus\pages\settings\index.css", "PostCSS", 0, 0, 0, 0, 0, 1, 0, 0, 0, 1, 2
"c:\Users\李子林\Desktop\aigc\项目\emocloud1\unpackage\dist\build\app-plus\static\customicons.css", "PostCSS", 0, 0, 0, 0, 0, 16, 0, 0, 0, 5, 21
"c:\Users\李子林\Desktop\aigc\项目\emocloud1\unpackage\dist\build\app-plus\uni-app-view.umd.js", "JavaScript", 0, 0, 3, 0, 0, 0, 0, 0, 4, 1, 8
"c:\Users\李子林\Desktop\aigc\项目\emocloud1\unpackage\dist\cache\.vite\deps\_metadata.json", "JSON", 0, 8, 0, 0, 0, 0, 0, 0, 0, 0, 8
"c:\Users\李子林\Desktop\aigc\项目\emocloud1\unpackage\dist\cache\.vite\deps\package.json", "JSON", 0, 3, 0, 0, 0, 0, 0, 0, 0, 1, 4
"c:\Users\李子林\Desktop\aigc\项目\emocloud1\unpackage\resources\__UNI__394EBAA\www\__uniappautomator.js", "JavaScript", 0, 0, 2, 0, 0, 0, 0, 0, 14, 1, 17
"c:\Users\李子林\Desktop\aigc\项目\emocloud1\unpackage\resources\__UNI__394EBAA\www\__uniappchooselocation.js", "JavaScript", 0, 0, 28, 0, 0, 0, 0, 0, 0, 5, 33
"c:\Users\李子林\Desktop\aigc\项目\emocloud1\unpackage\resources\__UNI__394EBAA\www\__uniappopenlocation.js", "JavaScript", 0, 0, 28, 0, 0, 0, 0, 0, 0, 5, 33
"c:\Users\李子林\Desktop\aigc\项目\emocloud1\unpackage\resources\__UNI__394EBAA\www\__uniapppicker.js", "JavaScript", 0, 0, 29, 0, 0, 0, 0, 0, 0, 5, 34
"c:\Users\李子林\Desktop\aigc\项目\emocloud1\unpackage\resources\__UNI__394EBAA\www\__uniappquill.js", "JavaScript", 0, 0, 1, 0, 0, 0, 0, 0, 7, 0, 8
"c:\Users\李子林\Desktop\aigc\项目\emocloud1\unpackage\resources\__UNI__394EBAA\www\__uniappquillimageresize.js", "JavaScript", 0, 0, 1, 0, 0, 0, 0, 0, 0, 0, 1
"c:\Users\李子林\Desktop\aigc\项目\emocloud1\unpackage\resources\__UNI__394EBAA\www\__uniappscan.js", "JavaScript", 0, 0, 28, 0, 0, 0, 0, 0, 0, 5, 33
"c:\Users\李子林\Desktop\aigc\项目\emocloud1\unpackage\resources\__UNI__394EBAA\www\__uniappview.html", "HTML", 0, 0, 0, 0, 0, 0, 0, 21, 0, 4, 25
"c:\Users\李子林\Desktop\aigc\项目\emocloud1\unpackage\resources\__UNI__394EBAA\www\app-config-service.js", "JavaScript", 0, 0, 9, 0, 0, 0, 0, 0, 0, 2, 11
"c:\Users\李子林\Desktop\aigc\项目\emocloud1\unpackage\resources\__UNI__394EBAA\www\app-config.js", "JavaScript", 0, 0, 1, 0, 0, 0, 0, 0, 0, 0, 1
"c:\Users\李子林\Desktop\aigc\项目\emocloud1\unpackage\resources\__UNI__394EBAA\www\app-service.js", "JavaScript", 0, 0, 1, 0, 0, 0, 0, 0, 0, 1, 2
"c:\Users\李子林\Desktop\aigc\项目\emocloud1\unpackage\resources\__UNI__394EBAA\www\app.css", "PostCSS", 0, 0, 0, 0, 0, 2, 0, 0, 0, 2, 4
"c:\Users\李子林\Desktop\aigc\项目\emocloud1\unpackage\resources\__UNI__394EBAA\www\manifest.json", "JSON", 0, 1, 0, 0, 0, 0, 0, 0, 0, 0, 1
"c:\Users\李子林\Desktop\aigc\项目\emocloud1\unpackage\resources\__UNI__394EBAA\www\pages\auth\login\index.css", "PostCSS", 0, 0, 0, 0, 0, 1, 0, 0, 0, 1, 2
"c:\Users\李子林\Desktop\aigc\项目\emocloud1\unpackage\resources\__UNI__394EBAA\www\pages\auth\register\index.css", "PostCSS", 0, 0, 0, 0, 0, 1, 0, 0, 0, 1, 2
"c:\Users\李子林\Desktop\aigc\项目\emocloud1\unpackage\resources\__UNI__394EBAA\www\pages\empathySocial\index.css", "PostCSS", 0, 0, 0, 0, 0, 1, 0, 0, 0, 1, 2
"c:\Users\李子林\Desktop\aigc\项目\emocloud1\unpackage\resources\__UNI__394EBAA\www\pages\empathySocial\note.css", "PostCSS", 0, 0, 0, 0, 0, 1, 0, 0, 0, 1, 2
"c:\Users\李子林\Desktop\aigc\项目\emocloud1\unpackage\resources\__UNI__394EBAA\www\pages\empathySocial\post.css", "PostCSS", 0, 0, 0, 0, 0, 1, 0, 0, 0, 1, 2
"c:\Users\李子林\Desktop\aigc\项目\emocloud1\unpackage\resources\__UNI__394EBAA\www\pages\home\index.css", "PostCSS", 0, 0, 0, 0, 0, 1, 0, 0, 0, 1, 2
"c:\Users\李子林\Desktop\aigc\项目\emocloud1\unpackage\resources\__UNI__394EBAA\www\pages\moodCompanion\chat\chat.css", "PostCSS", 0, 0, 0, 0, 0, 1, 0, 0, 0, 1, 2
"c:\Users\李子林\Desktop\aigc\项目\emocloud1\unpackage\resources\__UNI__394EBAA\www\pages\moodCompanion\scene\scene.css", "PostCSS", 0, 0, 0, 0, 0, 0, 0, 0, 0, 1, 1
"c:\Users\李子林\Desktop\aigc\项目\emocloud1\unpackage\resources\__UNI__394EBAA\www\pages\moodJournal\diary\Ddetail.css", "PostCSS", 0, 0, 0, 0, 0, 1, 0, 0, 0, 1, 2
"c:\Users\李子林\Desktop\aigc\项目\emocloud1\unpackage\resources\__UNI__394EBAA\www\pages\moodJournal\diary\Dlist.css", "PostCSS", 0, 0, 0, 0, 0, 1, 0, 0, 0, 1, 2
"c:\Users\李子林\Desktop\aigc\项目\emocloud1\unpackage\resources\__UNI__394EBAA\www\pages\moodJournal\journal\Jdetail.css", "PostCSS", 0, 0, 0, 0, 0, 1, 0, 0, 0, 1, 2
"c:\Users\李子林\Desktop\aigc\项目\emocloud1\unpackage\resources\__UNI__394EBAA\www\pages\moodJournal\journal\Jlist.css", "PostCSS", 0, 0, 0, 0, 0, 1, 0, 0, 0, 1, 2
"c:\Users\李子林\Desktop\aigc\项目\emocloud1\unpackage\resources\__UNI__394EBAA\www\pages\settings\account.css", "PostCSS", 0, 0, 0, 0, 0, 1, 0, 0, 0, 1, 2
"c:\Users\李子林\Desktop\aigc\项目\emocloud1\unpackage\resources\__UNI__394EBAA\www\pages\settings\index.css", "PostCSS", 0, 0, 0, 0, 0, 1, 0, 0, 0, 1, 2
"c:\Users\李子林\Desktop\aigc\项目\emocloud1\unpackage\resources\__UNI__394EBAA\www\static\customicons.css", "PostCSS", 0, 0, 0, 0, 0, 16, 0, 0, 0, 5, 21
"c:\Users\李子林\Desktop\aigc\项目\emocloud1\unpackage\resources\__UNI__394EBAA\www\uni-app-view.umd.js", "JavaScript", 0, 0, 3, 0, 0, 0, 0, 0, 4, 1, 8
"Total", "-", 2915, 4858, 4778, 378, 1038, 640, 658, 60, 936, 1527, 17788